"Название журнала","Специализация","Дата включения в реестр"
"Alma mater (Вестник высшей школы)","13.00.00 – педагогические науки;
09.00.00 – философские науки;
22.00.00 – социологические науки.",2015-12-01
"International Journal for Computation Civil and Structural  Engineering (Международный журнал по расчету гражданских и строительных конструкций","01.02.00 – механика;
05.13.00 – информатика, вычислительная техника и управление;
05.23.00 – строительство и архитектура",2015-12-01
"T-Comm – Телекоммуникации и Транспорт","01.01.00 – математика;
05.12.00 – радиотехника и связь;
05.13.00 – информатика, вычислительная техника и",2015-12-01
"XXI век: итоги прошлого и проблемы настоящего плюс","05.13.00 – информатика, вычислительная техника и управление;
05.18.00 – технология продовольственных продуктов;
05.26.00 – безопасность деятельности человека",2015-12-01
"Автоматизация в промышленности","05.01.00 – инженерная геометрия и компьютерная графика;
05.02.00 – машиностроение и машиноведение;
05.11.00 – приборостроение, метрология и информационно- измерительные приборы и системы;
05.13.00 – информатика, вычислительная техника и управление.",2015-12-01
"Автоматизация процессов управления","05.08.00 – кораблестроение;
05.12.00 – радиотехника и связь;
05.13.00 – информатика, вычислительная техника и управление.",2015-12-01
"Автоматизация, телемеханизация и связь в нефтяной промышленности","05.11.00 – приборостроение, метрология и информационно- измерительные приборы и системы;
05.12.00 – радиотехника и связь;
05.13.00 – информатика, вычислительная техника и управление.",2015-12-01
"Автоматизация. Современные технологии","05.02.00 – машиностроение и машиноведение;
05.07.00 – авиационная и ракетно- космическая техника;
05.11.00 – приборостроение, метрология и информационно- измерительные приборы и системы;
05.13.00 – информатика, вычислительная техника и управление.",2015-12-01
"Агрофизика","06.01.00 – агрономия;
03.02.00 – общая биология;
03.01.00 – физико-химическая биология;
05.13.00 – информатика, вычислительная техника и управление.",2015-12-01
"Азимут научных исследований: педагогика и психология","19.00.00 – психологические науки;13.00.00 – педагогические науки;22.00.00 – социологические науки.",2015-12-01
"Анализ риска здоровью","14.02.00 – профилактическая медицина;
14.03.00 – медико-биологические науки;
22.00.00 - социологические науки.",2015-12-01
"Аудит и финансовый анализ / Audit and Financical Analisis","08.00.00 – экономические науки;
05.13.00 – информатика, вычислительная техника и управление;
22.00.00 – социологические науки",2015-12-01
"Безопасность информационных технологий","05.13.00 – информатика, вычислительная техника и управление.",2015-12-01
"Библиосфера","05.13.00 – информатика, вычислительная техника и управление;
05.25.00 – документальная информация;
07.00.00 – исторические науки и археология;
13.00.00 – педагогические науки.",2015-12-01
"Бизнес-информатика Business Informatics","05.13.00 – информатика, вычислительная техника и управление;
05.25.00 – документальная информация;
08.00.00 – экономические науки.",2015-12-01
"Вектор науки Тольяттинского государственного университета","05.02.00 – машиностроение и машиноведение;
05.16.00 – металлургия и материаловедение;
05.17.00 – химическая технология;
10.02.00 – языкознание;
22.00.00 – социологические науки.",2015-12-01
"Вестник Астраханского государственного технического университета.
Серия: Управление, вычислительная техника и информатика","05.12.00 – радиотехника и связь;05.13.00 – информатика, вычислительная техника и управление.",2015-12-01
"Вестник БГТУ им. В.Г. Шухова","08.00.00 – экономические науки;
05.02.00 – машиностроение и машиноведение;
05.13.00 – информатика, вычислительная техника и управление;
05.17.00 – химическая технология;
05.23.00 – строительство и архитектура.",2015-12-01
"Вестник Брянского государственного технического университета","05.02.00 – машиностроение и машиноведение;
05.13.00 – информатика, вычислительная техника и управление;
05.16.00 – металлургия и материаловедение;
05.22.00 – транспорт;
08.00.00 – экономические науки",2015-12-01
"Вестник ВГАВТ","05.08.00 – кораблестроение;
05.13.00 – информатика, вычислительная техника и управление;
05.22.00 – транспорт;
08.00.00 – экономические науки.",2015-12-01
"Вестник Волгоградского государственного университета. Серия 1. Математика. Физика","01.01.00 – математика;
01.02.00 – механика;
01.03.00 – астрономия;
01.04.00 – физика;
05.13.00 – информатика, вычислительная техника и управление.",2015-12-01
"Вестник волгоградского государственного университета. Серия 7. Философия. Социология и социальные технологии","09.00.00 – философские науки;22.00.00 – социологические науки.",2015-12-01
"Вестник Воронежского государственного университета. Серия: История. Политология. Социология","23.00.00 – политология;
07.00.00 – исторические науки и археология;
22.00.00 – социологические науки.",2015-12-01
"Вестник Воронежского государственного университета. Серия: Системный анализ и информационные технологии","05.13.00 – информатика, вычислительная техника и управление.",2015-12-01
"Вестник Воронежского государственного университета. Серия: Физика. Математика","01.01.00 – математика;
01.04.00 – физика;
05.13.00 – информатика, вычислительная техника и управление.",2015-12-01
"Вестник Воронежского института МВД России","12.00.00 – юридические науки;
05.12.00 – радиотехника и связь;
05.13.00 – информатика, вычислительная техника и управление.",2015-12-01
"Вестник Воронежского института ФСИН России","05.12.00 – радиотехника и связь;
05.13.00 – информатика, вычислительная техника и управление;
12.00.00 – юридические науки;
13.00.00 – педагогические науки",2015-12-01
"Вестник ВЭГУ","13.00.00 – педагогические науки;
22.00.00 – социологические науки;
12.00.00 – юридические науки.",2015-12-01
"Вестник Государственного университета морского и речного флота имени адмирала С.О. Макарова","05.22.00 – транспорт;
05.08.00 – кораблестроение;
05.09.00 – электротехника;
05.13.00 – информатика, вычислительная техника и управление",2015-12-01
"Вестник Дагестанского государственного технического университета. Технические науки","01.02.00 – механика;
05.04.00 – энергетическое, металлургическое и химическое машиностроение;
05.13.00 – информатика, вычислительная техника и управление;
05.23.00 – строительство и архитектура;
08.00.00 – экономические науки",2015-12-01
"Вестник Донского государственного технического университета","01.02.00 – механика;
05.02.00 – машиностроение и машиноведение;
05.13.00 – информатика, вычислительная техника и управление;
05.20.00 – процессы и машины агроинженерных систем;
05.26.00 – безопасность деятельности человека",2015-12-01
"Вестник Ивановского государственного энергетического университета","05.09.00 – электротехника;
05.13.00 – информатика, вычислительная техника и управление;
05.14.00 – энергетика.
08.00.00 –экономические науки.",2015-12-01
"Вестник ИжГТУ имени М.Т. Калашникова","05.02.00 – машиностроение и машиноведение;
05.12.00 – радиотехника и связь;
05.13.00 – информатика, вычислительная техника и управление;
08.00.00 – экономические науки;
13.00.00 – педагогические науки.",2015-12-01
"Вестник Иркутского государственного технического университета","05.02.00 – машиностроение и машиноведение;
05.13.00 – информатика, вычислительная техника и управление;
05.14.00 – энергетика;
05.16.00 – металлургия и материаловедение;
05.22.00 – транспорт.",2015-12-01
"Вестник Казанского государственного технического университета
им. А.Н. Туполева","01.04.00 – физика;
05.02.00 – машиностроение и машиноведение;
05.11.00 – приборостроение, метрология и информационно- измерительные приборы и системы;
05.12.00 - радиотехника и связь;
05.13.00 - информатика, вычислительная техника и управление",2015-12-01
"Вестник Калмыцкого института гуманитарных исследований РАН","07.00.00 – исторические науки и археология;
10.01.00 – литературоведение;
10.02.00 – языкознание;
22.00.00 – социологические науки.",2015-12-01
"Вестник Камчатского государственного технического университета","03.02.00 – общая биология;
05.11.00 – приборостроение, метрология и информационно- измерительные приборы и системы;
05.13.00 – информатика, вычислительная техника и управление;
05.18.00 – технология продовольственных продуктов;
08.00.00 – экономические науки.",2015-12-01
"Вестник компьютерных и информационных технологий","05.01.00 – инженерная геометрия и компьютерная графика;
05.12.00 – радиотехника и связь;
05.13.00 – информатика, вычислительная техника и управление.",2015-12-01
"Вестник Майкопского государственного технологического университета","07.00.00 – исторические науки и археология;
13.00.00 – педагогические науки;
22.00.00 – социологические науки.",2015-12-01
"Вестник МГСУ","08.00.00 – экономические науки;
05.02.00 – машиностроение и машиноведение;
05.13.00 – информатика, вычислительная техника  и управление;
05.23.00 – строительство и архитектура;
05.26.00 – безопасность деятельности человека.",2015-12-01
"Вестник МГТУ Станкин","05.02.00 – машиностроение и машиноведение;
05.11.00 – приборостроение, метрология и информационно- измерительные приборы и системы;
05.13.00 – информатика, вычислительная техника и управление;
05.16.00 – металлургия и материаловедение;
08.00.00 – экономические науки.",2015-12-01
"Вестник МГТУ им. Н.Э. Баумана. Серия Естественные науки","01.01.00 – математика;
01.02.00 – механика;
01.04.00 – физика;
05.13.00 – информатика, вычислительная техника и управление;
02.00.00 – химические науки.",2015-12-01
"Вестник Мордовского университета","01.04.00 – физика;
05.13.00 – информатика, вычислительная техника и управление;
05.20.00 – процессы и машины агроинженерных систем;
14.01.00 – клиническая медицина;
14.03.00 – медико-биологические науки.",2015-12-01
"Вестник Московского государственного технического университета
им. Н.Э. Баумана.
Серия Приборостроение","01.04.00 – физика;
05.11.00 – приборостроение, метрология и информационно- измерительные приборы и системы;
05.12.00 – радиотехника и связь;
05.13.00 – информатика, вычислительная техника и управление;
05.07.00 – авиационная и ракетно- космическая техника.",2015-12-01
"Вестник Московского государственного университета леса
– Лесной вестник","03.02.00 – общая биология;
05.13.00 – информатика, вычислительная техника и управление;
05.21.00 – технология, машины и оборудование лесозаготовок, лесного хозяйства, деревопереработки и химической переработки биомассы дерева;
06.03.00 – лесное хозяйство.",2015-12-01
"Вестник Московского университета. Серия 18. Социология и политология","23.00.00 – политология;
22.00.00 – социологические науки;
09.00.00 – философские науки.",2015-12-01
"Вестник Московского финансово- юридического университета МФЮА","05.13.00 – информатика, вычислительная техника и управление;
08.00.00 – экономические науки;
12.00.00 – юридические науки.",2015-12-01
"Вестник Московского энергетического института","05.04.00  – энергетическое, металлургическое и химическое машиностроение;05.09.00  – электротехника;05.12.00 – радиотехника и связь;05.13.00 – информатика, вычислительная техника и управление;05.14.00 – энергетика.",2015-12-01
"Вестник научно-исследовательского института железнодорожного транспорта","08.00.00 – экономические науки
05.22.00 – транспорт;
05.16.00 – металлургия и материаловедение;
05.13.00 – информатика, вычислительная техника и управление;
05.02.00 – машиностроение и машиноведение",2015-12-01
"Вестник Национального исследовательского ядерного университета МИФИ","01.04.00 – физика;
01.01.00 – математика;
05.13.00 – информатика, вычислительная техника и управление",2015-12-01
"Вестник НГИЭИ","05.02.00 – машиностроение и машиноведение;
05.12.00 – радиотехника и связь;
05.13.00 – информатика, вычислительная техника и управление;
05.20.00 – процессы и машины агроинженерных систем;
08.00.00 – экономические науки.",2015-12-01
"Вестник НГУЭУ","08.00.00 – экономические науки;
05.25.00 – документальная информация;
22.00.00 – социологические науки.",2015-12-01
"Вестник Нижегородского университета
им. Н.И. Лобачевского. Серия: Социальные науки","08.00.00 – экономические науки;
13.00.00 – педагогические науки;
22.00.00 – социологические науки.",2015-12-01
"Мир экономики и управления
(До 27.01.2017 г. наименование в Перечне Вестник Новосибирского государственного университета.
Серия: Социально-экономические науки)","08.00.00 – экономические науки;22.00.00 – социологические науки.",2015-12-01
"Вестник Новосибирского государственного университета. Серия: Физика","01.04.00 – физика;
05.13.00 – информатика, вычислительная техника и управление.",2015-12-01
"Вестник Пермского национального исследовательского политехнического университета.
Социально-экономические науки","08.00.00 – экономические науки;22.00.00 – социологические науки.",2015-12-01
"Вестник Пермского университета. Философия. Психология. Социология","22.00.00 – социологические науки;
09.00.00 – философские науки;
19.00.00 – психологические науки.",2015-12-01
"Вестник Поволжского государственного технологического университета. Серия
Радиотехнические и инфокоммуникационные системы","01.04.00 – физика;
05.12.00  –  радиотехника и связь;
05.13.00 –  информатика, вычислительная техника и управление;
05.27.00 – электроника",2015-12-01
"Вестник Поволжского института управления","12.00.00 – юридические науки;
22.00.00 – социологические науки;
23.00.00 – политология.",2015-12-01
"Вестник РГАТА имени П.А. Соловьева","01.02.00 – механика;
05.02.00 – машиностроение и машиноведение;
05.07.00 – авиационная и ракето- космическая техника;
05.16.00 – металлургия и материаловедение;
05.13.00 – информатика, вычислительная техника и управление.",2015-12-01
"Вестник Российского университета дружбы народов.
Серия Математика. Информатика. Физика","01.01.00 – математика;
01.02.00 – механика;
01.04.00 – физика;
05.13.00 – информатика, вычислительная техника и управление.",2015-12-01
"Вестник Российского университета дружбы народов.
Серия Социология","09.00.00 – философские науки;
22.00.00 – социологические науки;
23.00.00 – политология",2015-12-01
"Вестник Ростовского государственного университета путей сообщения","05.02.00 – машиностроение и машиноведение;
05.13.00 – информатика, вычислительная техника и управление;
05.22.00 – транспорт.",2015-12-01
"Вестник Рязанского государственного радиотехнического университета","01.04.00 – физика;
05.11.00 – приборостроение, метрология и информационно- измерительные приборы и системы;
05.12.00 – радиотехника и связь;
05.13.00 – информатика, вычислительная техника и управление;
05.27.00 – электроника.",2015-12-01
"Вестник Самарского университета. Аэрокосмическая техника, технологии и машиностроение
(До 30.12.2016 г. наименование в Перечне Вестник Самарского государственного аэрокосмического университета имени академика С.П. Королева (национального исследовательского университета))","01.02.00 – механика;
01.04.00 – физика;
05.02.00 – машиностроение и машиноведение;
05.07.00 – авиационная и ракетно- космическая техника.
05.13.00 – информатика, вычислительная техника и управление.",2015-12-01
"Вестник Самарского государственного технического университета. Серия ""Физико- математические науки""","01.01.00 – математика;
01.02.00 – механика;
05.13.00 – информатика, вычислительная техника и управление.",2015-12-01
"Вестник Самарского муниципального института управления","08.00.00 – экономические науки;22.00.00 – социологические науки.",2015-12-01
"Вестник Санкт-Петербургского государственного университета технологии и дизайна. Серия 1. Естественные и технические науки","01.02.00 – механика;
05.02.00 – машиностроение и машиноведение;
05.13.00 – информатика, вычислительная техника и управление;
02.00.00 – химические науки.",2015-12-01
"Вестник Санкт-Петербургского университета. Серия 10. Прикладная математика. Информатика. Процессы управления","01.01.00 – математика;
05.13.00 – информатика, вычислительная техника и управление.",2015-12-01
"Вестник Санкт-Петербургского университета. Серия 12. Психология. Социология. Педагогика","13.00.00 – педагогические науки;19.00.00 – психологические науки;22.00.00 – социологические науки.",2015-12-01
"Вестник Саратовской государственной юридической академии","12.00.00 – юридические науки;
23.00.00 – политология;
22.00.00 – социологические науки",2015-12-01
"Вестник Северо-Восточного федерального университета имени М.К. Аммосова","03.02.00 – общая биология;
05.13.00 – информатика, вычислительная техника и управление;
05.17.00 – химическая технология;
10.01.00 – литературоведение;
10.02.00 – языкознание.",2015-12-01
"Вестник СевКавГТИ","05.13.00 – информатика, вычислительная техника и управление;
05.23.00 – строительство и архитектура
08.00.00 – экономические науки;
12.00.00 – юридические науки.",2015-12-01
"Вестник СибАДИ","05.05.00 – транспортное, горное и строительное машиностроение;
05.13.00 – информатика, вычислительная техника и управление;",2015-12-01
"Вестник СибГУТИ","01.04.00 – физика;
05.12.00 – радиотехника и связь;
05.13.00 – информатика, вычислительная техника и управление;
08.00.00 – экономические науки.",2015-12-01
"Вестник Сибирского государственного аэрокосмического университета имени академика М.Ф. Решетнева","01.04.00 – физика;
05.02.00 – машиностроение и машиноведение;
05.07.00 – авиационная и ракетно - космическая техника;
05.13.00 – информатика, вычислительная техника и управление;
08.00.00 – экономические науки.",2015-12-01
"Вестник Тверского государственного университета. Серия: Прикладная математика","01.01.00 – математика;
05.01.00 -  инженерная геометрия и компьютерная графика;
05.13.00 – информатика, вычислительная техника и управление.",2015-12-01
"Вестник технологического университета","02.00.00 – химические науки;
03.02.00 – общая биология;
05.13.00 – информатика, вычислительная техника и управление;
05.17.00 – химическая технология;
05.19.00 – технология материалов и изделий текстильной и легкой промышленности",2015-12-01
"Вестник Тихоокеанского государственного университета","05.05.00 – транспортное, горное и строительное
машиностроение;
05.11.00 – приборостроение, метрология и информационно- измерительные приборы и системы;
05.23.00 – строительство и архитектура;
08.00.00 – экономические науки;
22.00.00 – социологические науки.",2015-12-01
"Вестник Томского государственного университета. Управление, вычислительная техника и информатика","05.13.00 – информатика, вычислительная техника и управление.",2015-12-01
"Вестник Томского государственного университета. Философия.
Социология. Политология","23.00.00 – политология;
22.00.00 – социологические науки;
09.00.00 – философские науки.",2015-12-01
"Вестник УГАТУ","05.02.00 – машиностроение и машиноведение;
05.04.00 – энергетическое, металлургическое и химическое машиностроение;
05.07.00 – авиационная и ракетно- космическая техника;
05.09.00 – электротехника;
05.13.00 – информатика, вычислительная техника и управление",2015-12-01
"Вестник УГНТУ. Наука, образование, экономика. Серия экономика
(До 19.04.2017 г. наименование в Перечне Вестник УГУЭС. Наука, образование, экономика. Серия экономика)","08.00.00 – экономические науки;
13.00.00 – педагогические науки;
22.00.00 – социологические науки.",2015-12-01
"Вестник университета","08.00.00 – экономические науки;22.00.00 – социологические науки.",2015-12-01
"Вестник УрФО. Безопасность в информационной сфере","01.01.00 – математика;
01.04.00 – физика;
05.12.00 – радиотехника и связь;
05.13.00 – информатика, вычислительная техника и управление;
12.00.00 – юридические науки.",2015-12-01
"Вестник Череповецкого","05.13.00 – информатика,",2015-12-01
"Вестник Чувашского университета","05.09.00 – электротехника;
05.13.00 – информатика, вычислительная техника и управление;
05.14.00 – энергетика;
07.00.00 - исторические науки и археология;
10.02.00 – языкознание",2015-12-01
"Вестник экономики, права и социологии","08.00.00 – экономические науки;12.00.00 – юридические науки;22.00.00 – социологические науки.",2015-12-01
"Вестник Южно-российского государственного технического университета (НПИ). Серия: Социально-экономические науки","08.00.00 – экономические науки;22.00.00 – социологические науки.",2015-12-01
,"05.13.00 – информатика, вычислительная техника и управление.",
"Вестник Южно-Уральского государственного университета. Серия Вычислительная математика и информатика","05.13.00 – информатика, вычислительная техника и управление;
01.01.00 – математика;
25.00.00 – науки о Земле",2015-12-01
"Вестник Южно-Уральского государственного университета. Серия Социально-гуманитарные науки","07.00.00 – исторические науки и археология;
17.00.00 – искусствоведение;
22.00.00 – социологические науки",2015-12-01
"Вестник Южно-Уральского государственного университета. Серия Строительство и архитектура","25.00.00 - науки о Земле;
05.01.00 – инженерная геометрия и компьютерная графика;
05.13.00 –информатика, вычислительная техника и управление;
05.23.00 –строительство и архитектура",2015-12-01
"Власть и управление на Востоке России","08.00.00 – экономические науки;12.00.00 – юридические науки;22.00.00 – социологические науки.",2015-12-01
"Вопросы атомной науки и техники. Серия Термоядерный синтез.","01.04.00 – физика;
05.04.00 – энергетическое, металлургическое и химическое машиностроение;
05.13.00 – информатика, вычислительная техника и управление;
05.14.00 –энергетика;
05.16.00 – металлургия и металловедение.",2015-12-01
"Вопросы государственного и муниципального  управления","12.00.00 – юридические науки;
08.00.00 – экономические науки;
22.00.00 – социологические науки.",2015-12-01
"Вопросы кибербезопасности","05.13.00 – информатика, вычислительная техника и управление;
05.02.00 – машиностроение и машиноведение;
05.26.00 – безопасность деятельности человека.",2015-12-01
"Вопросы образования Educational Studies","22.00.00 – социологические науки;
08.00.00 – экономические науки;
13.00.00 – педагогические науки.",2015-12-01
"Вопросы радиоэлектроники","05.12.00 – радиотехника и связь;
05.13.00 – информатика, вычислительная техника и управление;
05.27.00 – электроника;
05.11.00 – приборостроение, метрология и информационно- измерительные приборы и системы;
08.00.00 – экономические науки.",2015-12-01
"Вопросы управления","08.00.00 – экономические науки;23.00.00 – политология;22.00.00 – социологические науки.",2015-12-01
"Вопросы экономики","08.00.00 – экономические науки;22.00.00 – социологические науки.",2015-12-01
"Врач и информационные технологии","03.01.00 – физико-химическая биология; 05.13.00 – информатика, вычислительная техника
и управление",2015-12-01
"Всероссийский научный журнал
Общественные науки","12.00.00 – юридические науки;
22.00.00 – социологические науки;
10.01.00 – литературоведение;
10.02.00 – языкознание.",2015-12-01
"Высшее образование в России","09.00.00 – философские науки;13.00.00 – педагогические науки22.00.00 – социологические науки",2015-12-01
"Высшее образование сегодня","13.00.00 – педагогические науки;19.00.00 – психологические науки;22.00.00 – социологические науки.",2015-12-01
"Вычислительная механика сплошных сред — Computational continuum mechanics","01.02.00 – механика;
05.13.00 – информатика, вычислительная техника и управление.",2015-12-01
"Геометрия и графика","01.01.00 – математика;
05.01.00 – инженерная геометрия и компьютерная графика;
05.13.00 – информатика, вычислительная техника и управление;
13.00.00 – педагогические науки.",2015-12-01
"Гидроакустика/Hydroacoustics","05.11.00 – приборостроение, метрология и информационно- измерительные приборы и системы;
05.13.00 – информатика, вычислительная техника и управление.",2015-12-01
"Глобальная ядерная безопасность","05.14.00 – энергетика;
05.26.00 – безопасность деятельности человека;
05.04.00 – энергетическое, металлургическое и химическое машиностроение;
05.13.00 – информатика, вычислительная техника и управление",2015-12-01
"Горное оборудование и электромеханика","25.00.00 – науки о Земле;
05.02.00 – машиностроение и машиноведение;
05.05.00 – транспортное, горное и строительное машиностроение;
05.09.00 – электротехника;
05.13.00 – информатика, вычислительная техника и управление",2015-12-01
"Горный информационно- аналитический бюллетень (научно- технический журнал)
Mining informational and analytical bulletin (scientific and technical journal)","05.05.00 – транспортное, горное и строительное машиностроение;
05.13.00 – информатика, вычислительная техника и управление;
05.26.00 – безопасность деятельности человека;
25.00.00 – науки о Земле.",2015-12-01
"Государственная служба","08.00.00 – экономические науки;12.00.00 – юридические науки;22.00.00 – социологические науки.",2015-12-01
"Государственное и муниципальное управление. Ученые записки СКАГС","08.00.00 – экономические науки;23.00.00 – политология;22.00.00 – социологические науки.",2015-12-01
"Государство, религия, церковь в России и за рубежом","09.00.00 –философские науки;
22.00.00 – социологические науки;
07.00.00 – исторические науки и археология",2015-12-01
"Гуманитарий Юга России","22.00.00 – социологические науки;
09.00.00 – философские науки;
08.00.00 – экономические науки.",2015-12-01
"Датчики и системы / Sensors & Systems","05.11.00 – приборостроение, метрология и информационно- измерительные приборы и системы;
05.12.00 – радиотехника и связь;
05.13.00 – информатика, вычислительная техника и управление;
05.14.00 – энергетика;
05.27.00 – электроника.",2015-12-01
"Двойные технологии","05.07.00 – авиационная и ракетно- космическая техника;
05.12.00 – радиотехника и связь;
05.13.00 – информатика, вычислительная техника и управление;
05.22.00 – транспорт.",2015-12-01
"Дизайн. Материалы. Технология","05.13.00 – информатика, вычислительная техника и управление;
05.19.00 – технология материалов и изделий текстильной и легкой промышленности;
17.00.00 – искусствоведение.",2015-12-01
"Динамика сложных систем  - XXI век","01.04.00 – физика;
05.02.00 – машиностроение и машиноведение;
05.12.00 – радиотехника и связь;
05.13.00 – информатика, вычислительная техника и управление;
05.27.00 – электроника.",2015-12-01
"Дискуссия","08.00.00 – экономические науки;
13.00.00 – педагогические науки;
22.00.00 – социологические науки.",2015-12-01
"Доклады Томского государственного университета систем управления и радиоэлектроники","01.04.00 – физика;
05.09.00 – электротехника;
05.11.00 – приборостроение, метрология и информационно- измерительные приборы и системы;
05.12.00 – радиотехника и связь;
05.13.00 – информатика, вычислительная техника и управление.",2015-12-01
"Естественные и технические науки","03.02.00 – общая биология;
05.02.00 – машиностроение и машиноведение;
05.11.00 – приборостроение, метрология и информационно- измерительные приборы и системы;
05.13.00 – информатика, вычислительная техника и управление;
25.00.00 – науки о Земле.",2015-12-01
"Женщина в российском обществе","23.00.00 – политология;
07.00.00 – исторические науки и археология;
22.00.00 – социологические науки.",2015-12-01
"Журнал научных статей Здоровье и образование в ХХI веке","22.00.00 – социологические науки;
14.01.00 –клиническая медицина;
14.02.00 – профилактическая медицина; 14.03.00 – медико- биологические науки;
14.04.00  – фармацевтические науки",2015-12-01
"Журнал правовых и экономических исследований. Journal of Legal and Economic Studies","08.00.00 – экономические науки;12.00.00 – юридические науки;22.00.00 – социологические науки.",2015-12-01
"Журнал Сибирского федерального университета. Техника и технологии. Journal of Siberian Federal University. Engineering and Technologies","05.12.00 – радиотехника и связь;
05.13.00 – информатика, вычислительная техника и управление;
05.14.00 – энергетика;
05.16.00 – металлургия и материаловедение;
25.00.00 – науки о Земле.",2015-12-01
"Журнал социологии и социальной антропологии","07.00.00 – исторические науки и археология;
24.00.00 – культурология;
22.00.00 – социологические науки.",2015-12-01
"Журналист. Социальные коммуникации","22.00.00 – социологические науки;
23.00.00 – политология;
10.01.00 – литературоведение",2015-12-01
"Известия Волгоградского государственного технического университета","05.02.00 – машиностроение и машиноведение;
05.13.00 – информатика, вычислительная техника и управление;
05.16.00 – металлургия и материаловедение;
02.00.00 – химические науки;
08.00.00 – экономические науки.",2015-12-01
"Известия высших учебных заведений. Нефть и газ","05.02.00 – машиностроение и машиноведение
05.13.00 – информатика, вычислительная техника и управление;
05.16.00 – металлургия и материаловедение;
02.00.00 – химические науки;
25.00.00 – науки о Земле.",2015-12-01
"Известия высших учебных заведений. Поволжский регион. Общественные науки","08.00.00 – экономические науки;12.00.00 – юридические науки;22.00.00 – социологические науки.",2015-12-01
"Известия высших учебных заведений. Поволжский регион. Технические науки","05.02.00 – машиностроение и машиноведение;
05.11.00 – приборостроение, метрология и информационно- измерительные приборы и системы;
05.12.00 – радиотехника и связь
05.13.00 – информатика, вычислительная техника и управление
05.16.00 – металлургия и материаловедение",2015-12-01
"Известия высших учебных заведений. Приборостроение","01.04.00 – физика;
05.09.00 – электротехника;
05.11.00 – приборостроение, метрология и информационно- измерительные приборы и системы;
05.13.00 – информатика, вычислительная техника и управление;
05.27.00 – электроника.",2015-12-01
"Известия высших учебных заведений. Проблемы полиграфии и издательского дела","05.02.00 – машиностроение и машиноведение;
05.13.00 – информатика, вычислительная техника и управление;
05.25.00 – документальная информация;
08.00.00 – экономические науки
10.02.00 – языкознание.",2015-12-01
"Известия высших учебных заведений. Северо-Кавказский регион. Технические науки","05.02.00 – машиностроение и машиноведение;
05.13.00 – информатика, вычислительная техника и управление;
05.14.00 – энергетика;
05.17.00 – химическая технология;
05.23.00 – строительство и архитектура.",2015-12-01
"Известия высших учебных заведений. Социология. Экономика. Политика","22.00.00 – социологические науки.",2015-12-01
"Известия высших учебных заведений. Технология легкой промышленности","17.00.00 – искусствоведение;
05.13.00 – информатика, вычислительная техника и управление;
05.19.00 – технология материалов и изделий легкой промышленности.",2015-12-01
"Известия высших учебных заведений. Электромеханика","05.09.00 – электротехника;
05.11.00 – приборостроение, метрология и информационно- измерительные приборы и системы;
05.13.00 – информатика, вычислительная техника и управление;
05.14.00 – энергетика;
05.22.00 – транспорт.",2015-12-01
"Известия высших учебных заведений. Электроника","01.04.00 – физика;
05.11.00 – приборостроение, метрология и информационно- измерительные приборы и системы;
05.12.00 – радиотехника и связь;
05.13.00 – информатика, вычислительная техника и управление;
05.27.00 – электроника.",2015-12-01
"Известия высших учебных заведений. Ядерная энергетика","01.04.00 – физика;
05.11.00 – приборостроение, метрология и информационно- измерительные приборы и системы;
05.13.00 – информатика, вычислительная техника и управление;
05.14.00 – энергетика.",2015-12-01
"Известия Института инженерной физики","05.11.00 – приборостроение, метрология и информационно- измерительные приборы и системы;
05.12.00 – радиотехника и связь;
05.13.00 – информатика, вычислительная техника и управление.",2015-12-01
"Известия Байкальского государственного университета
(До 18.10.2016 г. наименование в Перечне Известия Иркутской государственной экономической академии)","08.00.00 – экономические науки,
12.00.00 – юридические науки;
05.13.00 – информатика, вычислительная техника и управление.",2015-12-01
"Известия Кабардино-Балкарского научного центра РАН","05.02.00 – машиностроение и машиноведение;
05.11.00 – приборостроение, метрология и информационно- измерительные приборы и системы
05.13.00 – информатика, вычисли- тельная техника и управление;
08.00.00 – экономические науки;
25.00.00 – науки о Земле.",2015-12-01
"Известия Российской Академии Ракетных и Артиллерийских Наук","01.02.00 – механика;
05.02.00 – машиностроение и машиноведение;
05.07.00 – авиационная и ракетно- космическая техника;
05.13.00 – информатика, вычислительная техника и управление;
20.00.00 – военные науки.",2015-12-01
"Известия Самарского научного центра Российской академии наук","03.02.00 – общая биология
05.02.00 – машиностроение и машиноведение;
05.07.00 – авиационная и ракетно- космическая техника;
05.13.00 – информатика, вычислительная техника и управление;
07.00.00 – исторические науки и археология.",2015-12-01
"Известия Санкт-Петербургского государственного технологического института (технического университета)","02.00.00 – химические науки;
03.01.00 – физико-химическая биология;
05.13.00 – информатика, вычислительная техника и управление;
05.16.00 – металлургия и материаловедение;
05.17.00 – химическая технология.",2015-12-01
"Известия Санкт-Петербургского государственного экономического университета","08.00.00 – экономические науки;
10.01.00 – литературоведение;
10.02.00 – языкознание;
22.00.00 – социологические науки.",2015-12-01
"Известия Саратовского университета. Новая серия. Серия Социология.
Политология","22.00.00 – социологические науки;23.00.00 – политология",2015-12-01
"Известия СПбГЭТУ ЛЭТИ","01.04.00 – физика»;
05.09.00 – электротехника;
05.11.00 – приборостроение, метрология и информационно- измерительные приборы и системы;
05.13.00 – информатика, вычислительная техника и управление;
02.00.00 – химические науки",2015-12-01
"Известия Тульского государственного университета. Технические науки","05.02.00 – машиностроение и машиноведение;
05.09.00 – электротехника;
05.11.00 – приборостроение, метрология и информационно- измерительные приборы и системы;
05.13.00 – информатика, вычислительная техника и управление;
20.00.00 – военные науки.",2015-12-01
"Известия Уральского федерального университета. Серия 3.
Общественные науки","23.00.00 – политология;
09.00.00 – философские науки;
22.00.00 – социологические науки.",2015-12-01
"Известия Юго-Западного государственного университета","05.02.00 – машиностроение и машиноведение;
05.13.00 – информатика, вычислительная техника и управление;
05.23.00 – строительство и архитектура;
08.00.00 – экономические науки
12.00.00 – юридические науки.",2015-12-01
"Известия Юго-Западного государственного университета. Серия Управление, вычислительная техника, информатика. Медицинское приборостроение","03.01.00 – физико-химическая биология;
05.11.00 – приборостроение, метрология и информационно- измерительные приборы и системы;
05.12.00 – радиотехника и связь;
05.13.00 – информатика, вычислительная техника и управление;",2015-12-01
"Известия Юго-Западного государственного университета. Серия Экономика. Социология. Менеджмент","08.00.00 – экономические науки;22.00.00 – социологические науки;09.00.00 – философские науки.",2015-12-01
"Известия ЮФУ. Технические науки","01.04.00 – физика;
05.02.00 – машиностроение и машиноведение;
05.12.00 – радиотехника и связь;
05.13.00 – информатика, вычислительная техника и управление;
05.27.00 – электроника.",2015-12-01
"Инновации","05.02.00 – машиностроение и машиноведение
05.13.00 – информатика, вычислительная техника и управление;
08.00.00 – экономические науки
09.00.00 – философские науки.",2015-12-01
"Интеграция образования Integration of Education","19.00.00 – психологические науки;13.00.00 – педагогические науки;22.00.00 – социологические науки.",2015-12-01
"Интеллект. Инновации. Инвестиции","05.02.00 – машиностроение и машиноведение;
05.13.00 – информатика, вычислительная техника и управление;
05.22.00 – транспорт;
08.00.00 – экономические науки;
09.00.00 – философские науки.",2015-12-01
"Интеллектуальные системы в производстве","01.01.00 – математика;
05.04.00 – энергетическое, металлургическое и химическое машиностроение;
05.11.00 – приборостроение, метрология и информационно- измерительные приборы и системы;
05.13.00 – информатика, вычислительная техника и управление;
25.00.00 – науки о Земле.",2015-12-01
"Интеллигенция и мир","07.00.00 – исторические науки и археология;22.00.00 – социологические науки;23.00.00 – политология",2015-12-01
"Информатизация и связь","05.12.00 – радиотехника и связь;
05.13.00 – информатика, вычислительная техника и управление;
05.25.00 – документальная информация;
05.27.00 – электроника.",2015-12-01
"Информатизация образования и науки","05.13.00 – информатика, вычислительная техника и управление.",2015-12-01
"Информатика и ее применения","08.00.00 – экономические науки;
01.01.00 – математика;
05.13.00 – информатика, вычислительная техника и управление",2015-12-01
"Информатика и образование","05.13.00 – информатика, вычислительная техника и управление;
13.00.00 – педагогические науки.",2015-12-01
"Информатика и системы управления","05.13.00 – информатика, вычислительная техника и управление.",2015-12-01
"Информационное общество","05.13.00 – информатика, вычислительная техника и управление;
22.00.00 – социологические науки;",2015-12-01
"Информационно-измерительные и управляющие системы","01.01.00 – математика;
01.04.00 – физика;
05.11.00 – приборостроение, метрология и информационно- измерительные приборы и системы;
05.12.00 – радиотехника и связь;
05.13.00 – информатика, вычислительная техника и управление.",2015-12-01
"Информационно-управляющие системы","01.01.00 –  математика;
05.11.00 – приборостроение, метрология и информационно- измерительные приборы и системы;
05.12.00 – радиотехника и связь;
05.13.00 – информатика, вычислительная техника и управление.",2015-12-01
"Информационные и телекоммуникационные технологии","05.13.00 – информатика, вычислительная техника и управление.",2015-12-01
"Информационные ресурсы России","05.13.00 – информатика, вычислительная техника и управление;
05.25.00 – документальная информация.",2015-12-01
"Информационные системы и технологии","05.11.00 – приборостроение, метрология и информационно- измерительные приборы и системы;
05.12.00 – радиотехника и связь;
05.13.00 – информатика, вычислительная техника и управление.",2015-12-01
"Информационные технологии","05.01.00 –инженерная геометрия и компьютерная графика;
05.11.00 –приборостроение, метрология и информационно- измерительные приборы и системы;
05.12.00 –радиотехника и связь;
05.13.00 –информатика, вычислительная техника и управление",2015-12-01
"Информация и безопасность","05.13.00 – информатика, вычислительная техника и управление.",2015-12-01
"Информация и Космос","05.12.00 – радиотехника и связь;
05.13.00 – информатика, вычислительная техника и управление;
05.07.00 – авиационная и ракетно- космическая техника;
25.00.00 – науки о Земле",2015-12-01
"Искусственный интеллект и принятие решений","01.01.00 – математика;
05.13.00 – информатика, вычислительная техника и управление;
19.00.00 – психологические науки.",2015-12-01
"Историческая и социально- образовательная мысль","07.00.00 – исторические науки и археология;
13.00.00 – педагогические науки;
22.00.00 – социологические науки.",2015-12-01
"Казанский педагогический журнал","19.00.00 – психологические науки;13.00.00 – педагогические науки;22.00.00 – социологические науки.",2015-12-01
"Казанский социально-гуманитарный вестник","08.00.00 – экономические науки;
22.00.00 – социологические науки;
23.00.00 – политология",2015-12-01
"Качество и жизнь","05.02.00 – машиностроение и машиноведение;
05.11.00 – приборостроение, метрология и информационно- измерительные приборы
и системы;
05.13.00 – информатика, вычислительная техника и управление;
05.22.00 – транспорт;
05.26.00 – безопасность деятельности человека",2015-12-01
"Качество. Инновации. Образование","05.12.00 – радиотехника и связь;
05.13.00 – информатика, вычислительная техника и управление;
05.27.00 – электроника;
08.00.00 – экономические науки;
13.00.00 – педагогические науки.",2015-12-01
"Коммуникология","23.00.00 – политология;
24.00.00 – культурология;
22.00.00 – социологические науки.",2015-12-01
"Контроль. Диагностика","05.02.00 – машиностроение и машиноведение
05.11.00 – приборостроение, метрология и информационно- измерительные приборы и системы;
05.13.00 – информатика, вычислительная техника и управление.",2015-12-01
"Космонавтика и ракетостроение","01.02.00 – механика;
05.07.00 – авиационная и ракетно- космическая техника;
05.11.00 – приборостроение, метрология и информационно- измерительные приборы и системы;
05.12.00 – радиотехника и связь;
05.13.00 – информатика, вычислительная техника и управление.",2015-12-01
"Личность. Культура. Общество","24.00.00 – культурология;
09.00.00 – философские науки;
22.00.00 – социологические науки.",2015-12-01
"Математические заметки СВФУ","01.01.00 – математика;
01.02.00 – механика;
05.13.00 – информатика, вычислительная техника и управление.",2015-12-01
,"14.03.00 – медико-биологические науки;
19.00.00 – психологические науки;
22.00.00 – социологические науки.",
"Металлообработка","05.02.00 – машиностроение и машиноведение;
05.11.00 – приборостроение, метрология и информационно- измерительные приборы и системы;
05.13.00 – информатика, вычислительная техника и управление;
05.16.00 – металлургия и материаловедение",2015-12-01
"Мехатроника, автоматизация, управление","05.13.00 – информатика, вычислительная техника и управление;
05.02.00 – машиностроение и машиноведение;
05.07.00 – авиационная и ракетно- космическая техника;
05.11.00 – приборостроение, метрология и информационно- измерительные приборы и системы;
05.22.00 – транспорт",2015-12-01
"Мир психологии","19.00.00 – психологические науки;13.00.00 – педагогические науки;22.00.00 – социологические науки.",2015-12-01
"Мир транспорта","05.02.00 – машиностроение и машиноведение;
05.13.00 – информатика, вычислительная техника и управление;
05.22.00 – транспорт;
05.23.00 – строительство и архитектура;
08.00.00 – экономические науки.",2015-12-01
"Мониторинг правоприменения","08.00.00 – экономические науки;12.00.00 – юридические науки;22.00.00 – социологические науки.",2015-12-01
"МОНИТОРИНГ. Наука и Технологии","01.04.00 – физика;
05.13.00 – информатика, вычислительная техника и управление;
05.14.00 – энергетика;
05.26.00 – безопасность деятельности человека;
25.00.00 – науки о Земле.",2015-12-01
"Морская радиоэлектроника","05.08.00 – кораблестроение;
05.12.00 – радиотехника и связь;
05.11.00 – приборостроение, метрология и информационно- измерительные приборы и системы;
05.13.00 – информатика, вычислительная техника и управление.",2015-12-01
"Муниципальная академия","08.00.00 – экономические науки;12.00.00 – юридические науки;22.00.00 – социологические науки.",2015-12-01
"Надежность","05.12.00 – радиотехника и связь;
05.13.00 – информатика, вычислительная техника и управление;
05.14.00 – энергетика
05.22.00 – транспорт;
05.26.00 – безопасность деятельности человека.",2015-12-01
"Народонаселение","14.02.00 – профилактическая медицина;
08.00.00 – экономические науки;
22.00.00 – социологические науки.",2015-12-01
"Наука и техника транспорта","05.13.00 – информатика, вычислительная техника и управление;
05.22.00 – транспорт;
05.23.00 – строительство и архитектура;
05.26.00 – безопасность деятельности человека;
08.00.00 – экономические науки.",2015-12-01
"Наука и технологии трубопроводного транспорта нефти и нефтепродуктов","25.00.00 – науки о Земле;
05.02.00 – машиностроение и машиноведение;
05.13.00 – информатика, вычислительная техника и управление;
05.26.00 – безопасность деятельности человека;
08.00.00 –экономические науки.",2015-12-01
"Наукоемкие технологии в космических исследованиях Земли","01.01.00 – математика;
05.07.00 – авиационная и ракетно- космическая техника;
05.11.00 – приборостроение, метрология и информационно- измерительные приборы и системы;
05.12.00 – радиотехника и связь;
05.13.00 – информатика, вычислительная техника и управление.",2015-12-01
"Научное приборостроение","01.04.00 – физика;
03.01.00 – физико-химическая биология;
05.11.00 – приборостроение, метрология и информационно- измерительные приборы и системы;
05.13.00 – информатика, вычислительная техника и управление.",2015-12-01
"Научно-практический журнал
Системная психология и социология","19.00.00 – психологические науки;
22.00.00 – социологические науки.",2015-12-01
"Научно-технические ведомости Санкт-Петербургского государственного политехнического университета. Информатика.
Телекоммуникации. Управление  = St. Petersburg State Polytechnical University Journal. Computer Science. Telecommunications and Control Systems","05.13.00 – информатика, вычислительная техника и управление;
05.12.00 – радиотехника и связь;
05.27.00 – электроника;
05.11.00 – приборостроение, метрология и информационно- измерительные приборы и системы.",2015-12-01
"Научно-технический вестник информационных технологий, механики и оптики","01.04.00 – физика;
05.02.00 – машиностроение и машиноведение;
05.11.00 – приборостроение, метрология и информационно- измерительные приборы и системы
05.13.00 – информатика, вычислительная техника и управление
05.27.00 – электроника.",2015-12-01
"Научно-технический вестник Поволжья","01.01.00 – математика;
02.00.00 – химические науки
05.02.00 – машиностроение и машиноведение;
05.11.00 – приборостроение, метрология и информационно- измерительные приборы и системы;
05.13.00 – информатика, вычислительная техника и управление.",2015-12-01
"Научно-технический журнал
Надежность и безопасность энергетики","05.04.00 – энергетическое, металлургическое и химическое машиностроение;
05.13.00 – информатика, вычислительная техника и управление;
05.14.00 – энергетика;
05.26.00 – безопасность деятельности человека;
08.00.00 – экономические науки.",2015-12-01
"Научные ведомости Белгородского государственного университета.
Серия Философия. Социология. Право","09.00.00 – философские науки;
22.00.00 – социологические науки;
12.00.00 – юридические науки",2015-12-01
"Научные ведомости Белгородского государственного университета.
Серия: Экономика. Информатика","08.00.00 – экономические науки;
05.13.00 – информатика, вычислительная техника и управление.",2015-12-01
"Научный вестник Московского государственного технического университета гражданской авиации","05.02.00 – машиностроение и машиноведение;
05.07.00 – авиационная и ракетно- космическая техника;
05.12.00 – радиотехника и связь;
05.13.00 – информатика, вычислительная техника и управление;
05.22.00 – транспорт",2015-12-01
"Научный вестник Новосибирского государственного технического университета","05.07.00 – авиационная и ракетно- космическая техника;
05.11.00 – приборостроение, метрология и информационно- измерительные приборы и системы;
05.13.00 – информатика, вычислительная техника и управление;
05.14.00 – энергетика;
05.17.00 – химическая технология.",2015-12-01
"Научный и общественно- политический журнал Социология власти","23.00.00 – политология;
09.00.00 – философские науки;
22.00.00 – социологические науки.",2015-12-01
"Научный информационный сборник
Проблемы безопасности и чрезвычайных ситуаций","05.13.00 – информатика, вычислительная техника и управление;
05.26.00 – безопасность деятельности человека.",2015-12-01
"Национальные интересы: приоритеты и безопасность","08.00.00 – экономические науки;
05.13.00 – информатика, вычислительная техника и управление;
23.00.00 – политология.",2015-12-01
"Нейрокомпьютеры: разработка, применение","01.01.00 – математика;
05.13.00 – информатика, вычислительная техника и управление;
14.03.00 – медико-биологические науки",2015-12-01
"Нелинейный мир","01.01.00 – математика;
01.04.00 – физика;
05.12.00 – радиотехника и связь;
05.13.00 информатика, вычислительная техника и управление",2015-12-01
"Оборудование и технологии для нефтегазового комплекса","05.02.00 – машиностроение и машиноведение;
05.04.00 – энергетическое, металлургическое и химическое машиностроение;
05.13.00 – информатика, вычислительная техника и управление;
02.00.00 – химические науки;
25.00.00 – науки о Земле.",2015-12-01
"Образование и общество","13.00.00 – педагогические науки;19.00.00 – психологические науки;22.00.00 – социологические науки.",2015-12-01
"Общенациональный научно- политический журнал Власть","23.00.00 – политология;
07.00.00 – исторические науки и археология;
22.00.00 – социологические науки.",2015-12-01
"Общество и право","12.00.00 –юридические науки;
22.00.00 –социологические науки",2015-12-01
"Общество. Среда. Развитие.","24.00.00 – культурология;
25.00.00 – науки о Земле;
22.00.00 – социологические науки.",2015-12-01
"Общество: социология, психология, педагогика","22.00.00 – социологические науки;
19.00.00 – психологические науки;
13.00.00 – педагогические науки",2015-12-01
"Онтология проектирования","05.13.00 – информатика, вычислительная техника и управление;
05.07.00 – авиационная и ракетно- космическая техника;
05.02.00 – машиностроение и машиноведение;
05.11.00 – приборостроение, метрология и информационно- измерительные приборы и системы;
05.23.00 – строительство и архитектура;",2015-12-01
"Открытое и дистанционное образование","05.13.00 – информатика, вычислительная техника и управление;
19.00.00 – психологические науки
13.00.00 – педагогические науки.",2015-12-01
"Открытое образование","05.13.00 – информатика, вычислительная техника и управление;
05.01.00 – инженерная геометрия и компьютерная графика;
13.00.00 – педагогические науки.",2015-12-01
"Открытые системы. СУБД","05.13.00 – информатика, вычислительная техника и управление.",2015-12-01
"П.О.И.С.К. (Политика. Обществоведение. Искусство. Социология. Культура)","23.00.00 – политология;
24.00.00 – культурология;
22.00.00 – социологические науки.",2015-12-01
"Пилотируемые полеты в космос","05.13.00 – информатика, вычислительная техника и управление;
05.26.00 – безопасность деятельности человека;
14.03.00 – медико-биологические науки;
13.00.00 – педагогические науки.",2015-12-01
"Подводные исследования и робототехника","01.02.00 – механика;
01.04.00 – физика;
05.02.00 – машиностроение и машиноведение;
05.11.00 – приборостроение, метрология и информационно- измерительные приборы и системы;
05.13.00 – информатика, вычислительная техника и управление.",2015-12-01
"Пожары и чрезвычайные ситуации: предотвращение, ликвидация","05.13.00 – информатика, вычислительная техника и управление;
05.26.00 – безопасность деятельности человека.",2015-12-01
"Политика и общество","23.00.00 – политология;
22.00.00 – социологические науки;
12.00.00 – юридические науки.",2015-12-01
"Препринты ИПМ им. М.В. Келдыша","01.01.00 – математика;
01.02.00 – механика;
05.13.00 – информатика, вычислительная техника и управление.",2015-12-01
"Приборы","05.11.00 – приборостроение, метрология и информационно- измерительные приборы и системы;
05.13.00 – информатика, вычислительная техника и управление.",2015-12-01
"Прикладная дискретная математика","01.01.00 – математика;
05.13.00 – информатика, вычислительная техника и управление.",2015-12-01
"Прикладная информатика / Journal of Applied Informatics","05.13.00 – информатика, вычислительная техника и управление;
08.00.00 – экономические науки.",2015-12-01
"Проблемы информационной безопасности. Компьютерные системы","05.13.00 – информатика, вычислительная техника и управление.",2015-12-01
"Проблемы машиностроения и автоматизации","01.02.00 – механика;
05.02.00 – машиностроение и машиноведение;
05.04.00 – энергетическое, металлургическое и химическое машиностроение;
05.13.00 – информатика, вычислительная техника и управление;
05.16.00 – металлургия и материаловедение.",2015-12-01
"Проблемы развития территории","08.00.00 – экономические науки;22.00.00 – социологические науки.",2015-12-01
"Программная инженерия","01.01.00 – математика;
05.01.00 – инженерная геометрия и компьютерная графика;
05.07.00 – авиационная и ракетно- космическая техника;
05.11.00 - приборостроение, метрология и информационно- измерительные приборы и системы;
05.13.00 - информатика, вычислительная техника и управление.",2015-12-01
"Программные продукты и системы","01.01.00 – математика;
01.02.00 – механика;
01.03.00 – астрономия;
01.04.00 – физика;
05.13.00 – информатика, вычислительная техника и управление.",2015-12-01
"Программные системы и вычислительные методы","05.13.00 – информатика, вычислительная техника и управление;
05.01.00 – инженерная геометрия и компьютерная графика",2015-12-01
"Проектирование и технология электронных средств","05.12.00 – радиотехника и связь;
05.11.00 – приборостроение, метрология и информационно- измерительные приборы и системы;
05.13.00 – информатика, вычислительная техника и управление;
05.27.00 – электроника.",2015-12-01
"Промышленный сервис","05.02.00 – машиностроение и машиноведение;
05.11.00 – приборостроение, метрология и информационно- измерительные приборы и системы;
05.13.00 – информатика, вычислительная техника и управление;
05.17.00 – химическая технология;
05.26.00 – безопасность деятельности человека.",2015-12-01
"Радиопромышленность","05.12.00 – радиотехника и связь;
05.13.00 – информатика, вычислительная техника и управление;
05.22.00 – транспорт.
05.11.00 – приборостроение, метрология и информационно- измерительные приборы и системы;
08.00.00 – экономические науки.",2015-12-01
"Радиотехника","01.04.00 – физика;
05.11.00 – приборостроение, метрология и информационно- измерительные приборы и системы;
05.12.00 –радиотехника и связь;
05.13.00 – информатика, вычислительная техника и управление;
05.27.00 – электроника",2015-12-01
"Развитие личности / Development of personality","19.00.00 – психологические науки;
09.00.00 – философские науки;
22.00.00 – социологические науки.",2015-12-01
"Регион: экономика и социология","08.00.00 – экономические науки;22.00.00 – социологические науки.",2015-12-01
"РЕГИОНОЛОГИЯ REGIONOLOGY","08.00.00 – экономические науки;23.00.00 – политология;22.00.00 – социологические науки.",2015-12-01
"Сборник научных трудов
Гетеромагнитная микроэлектроника","01.04.00 – физика;
05.12.00 – радиотехника и связь;
05.13.00 – информатика, вычислительная техника и управление;
05.27.00 – электроника;
08.00.00 – экономические науки.",2015-12-01
"Системы высокой доступности","05.12.00 – радиотехника и связь;
05.13.00 –информатика, вычислительная техника и управление;
05.22.00 транспорт.",2015-12-01
"Системы и средства информатики","05.11.00 – приборостроение, метрология и информационно- измерительные приборы и системы;
05.12.00 – радиотехника и связь;
05.13.00 – информатика, вычислительная техника и управление.",2015-12-01
"Системы управления и информационные технологии","01.01.00 – математика;
01.02.00 – механика;
05.12.00 –радиотехника и связь;
05.13.00 – информатика, вычислительная техника и управление;
05.25.00 – документальная информация",2015-12-01
"Системы. Методы. Технологии","05.02.00 – машиностроение и машиноведение;
05.13.00 – информатика, вычислительная техника и управление;
05.14.00 – энергетика;
05.21.00 – технология, машины и оборудование лесозаготовок, лесного хозяйства, деревопереработки и химической переработки биомассы дерева;
05.23.00 – строительство и архитектура.",2015-12-01
"Современная наука: актуальные проблемы теории и практики.
Серия Естественные и технические науки","03.02.00 – общая биология;
05.11.00 – приборостроение, метрология и информационно- измерительные приборы и системы;
05.12.00 – радиотехника и связь;
05.13.00 – информатика, вычислительная техника и управление;
14.01.00 – клиническая медицина",2015-12-01
"Современные наукоемкие технологии","13.00.00 – педагогические науки;
05.02.00 – машиностроение и машиноведение;
05.13.00 – информатика, вычислительная техника и управление;
05.17.00 – химическая технология;
05.23.00 – строительство и архитектура.",2015-12-01
"Современные наукоемкие технологии. Региональное приложение","05.02.00 – машиностроение и машиноведение;
05.04.00 – энергетическое, металлургическое и химическое машиностроение;
05.13.00 – информатика, вычислительная техника и управление;
05.20.00 – процессы и машины агроинженерных систем;
08.00.00 – экономические науки.",2015-12-01
"Современные технологии. Системный анализ. Моделирование","01.02.00 – механика;
05.02.00 – машиностроение и машиноведение;
05.13.00 – информатика, вычислительная техника и управление;
05.22.00 – транспорт.",2015-12-01
"Социальная политика и социология","08.00.00 – экономические науки;22.00.00 – социологические науки;09.00.00 – философские науки.",2015-12-01
"Социально-экономические явления и процессы","08.00.00 – экономические науки;12.00.00 – юридические науки;22.00.00 – социологические науки.",2015-12-01
"Социологический журнал","22.00.00 – социологические науки.",2015-12-01
"Социология","22.00.00 – социологические науки.",2015-12-01
"Социология и право","12.00.00 – юридические науки;
22.00.00 – социологические науки",2015-12-01
"Социология медицины","14.02.00 – профилактическая медицина;
22.00.00 – социологические науки;
09.00.00 – философские науки.",2015-12-01
"Социология науки и технологий Sociology of Science and Technology","07.00.00 – исторические науки и археология;
22.00.00 – социологические науки;
09.00.00 –философские науки",2015-12-01
"Социология образования","22.00.00 – социологические науки;
09.00.00 – философские науки.",2015-12-01
"Среднерусский вестник общественных наук","23.00.00 – политология;
22.00.00 – социологические науки;
08.00.00 – экономические науки.",2015-12-01
"Строительство и реконструкция","05.13.00 – информатика, вычислительная техника и управление;05.23.00 – строительство и архитектура",2015-12-01
"Строительство нефтяных и газовых скважин на суше и на море","01.02.00 – механика;
05.02.00 – машиностроение и машиноведение;
05.04.00 – энергетическое, металлургическое и химическое машиностроение;
05.13.00 – информатика, вычислительная техника и управление;
25.00.00 – науки о Земле.",2015-12-01
"Телекоммуникации","05.12.00 –радиотехника и связь;
05.13.00 – информатика, вычислительная техника и управление.",2015-12-01
"Теории и проблемы политических исследований","22.00.00 – социологические науки;23.00.00 – политология",2015-12-01
"Теория и практика общественного развития","22.00.00 – социологические науки;
08.00.00 – экономические науки;
12.00.00 – юридические науки",2015-12-01
"Теория и техника радиосвязи","05.12.00 – радиотехника и связь;05.13.00 – информатика, вычислительная техника и управление.",2015-12-01
"Технологии и средства связи","05.11.00 – приборостроение, метрология и информационно- измерительные приборы и системы;
05.12.00 – радиотехника и связь;
05.13.00 – информатика, вычислительная техника и управление.",2015-12-01
"Транспорт и хранение нефтепродуктов и углеводородного сырья","25.00.00  – науки о Земле;
05.13.00 – информатика, вычислительная техника и управление.",2015-12-01
"Тренды и управление","08.00.00 – экономические науки;
22.00.00 – социологические науки;
23.00.00 – политология",2015-12-01
"Труд и социальные отношения","08.00.00 – экономические науки;12.00.00 – юридические науки;22.00.00 – социологические науки.",2015-12-01
"Труды Института математики и механики УрО РАН","01.01.00 – математика;
01.02.00 – механика;
05.13.00 – информатика, вычислительная техника и управление.",2015-12-01
"Труды Института системного анализа Российской академии наук","01.01.00 – математика;
05.13.00 – информатика, вычислительная техника и управление;
08.00.00 – экономические науки.",2015-12-01
"Труды Института системного программирования РАН","01.01.00 – математика;
05.13.00 – информатика, вычислительная техника и управление.",2015-12-01
"Труды СПИИРАН","01.01.00 – математика;
05.13.00 – информатика, вычислительная техника и управление.",2015-12-01
"Труды ФГУП НПЦАП","05.07.00 – авиационная и ракетно- космическая техника;
05.11.00 – приборостроение, метрология и информационно- измерительные приборы и системы;
05.13.00 – информатика, вычислительная техника и управление.",2015-12-01
"Университетский научный журнал","01.02.00 – механика;
01.04.00 – физика;
03.01.00 – физико-химическая биология;
05.13.00 – информатика, вычислительная техника и управление;
05.16.00 – металлургия и материаловедение.",2015-12-01
"Университетское управление: практика и анализ","08.00.00 – экономические науки;
22.00.00 – социологические науки;
05.13.00 – информатика, вычислительная техника и управление.",2015-12-01
"Управление персоналом и интеллектуальными ресурсами в России","08.00.00 – экономические науки;12.00.00 – юридические науки;22.00.00 – социологические науки.",2015-12-01
"Уровень жизни населения регионов России","22.00.00 – социологические науки;
09.00.00 – философские науки;
08.00.00 – экономические науки.",2015-12-01
"Успехи современной радиоэлектроники","01.01.00 – математика;
01.04.00 – физика;
05.12.00 – радиотехника и связь;
05.13.00 – информатика, вычислительная техника и управление;
05.27.00 – электроника.",2015-12-01
"Устойчивое развитие горных территорий","08.00.00 – экономические науки;
25.00.00 – науки о Земле;
05.05.00 – транспортное, горное и строительное машиностроение;
05.13.00 – информатика, вычислительная; техника и управление;
05.14.00 – энергетика.",2015-12-01
"Ученые записки Забайкальского государственного университета","03.01.00 – физико-химическая биология;
03.02.00 – общая биология;
03.03.00 – физиология;
22.00.00 – социологические науки;
13.00.00 – педагогические науки.",2015-12-01
"Ученые записки Комсомольского-на- Амуре государственного технического университета","01.02.00 – механика;
05.02.00 – машиностроение и машиноведение;
05.13.00 – информатика, вычислительная техника и управление;
05.16.00 –  металлургия и материаловедение;
24.00.00 – культурология.",2015-12-01
"Философия хозяйства - журнал Центра общественных наук и экономического факультета МГУ им. М.В. Ломоносова","08.00.00 – экономические науки;22.00.00 – социологические науки;09.00.00 – философские науки.",2015-12-01
"Фундаментальные исследования","05.02.00 – машиностроение и машиноведение;
05.13.00 – информатика, вычислительная техника и управление;
05.17.00 – химическая технология;
05.23.00 – строительство и архитектура;
08.00.00 – экономические науки.",2015-12-01
"ФЭС: Финансы. Экономика. Стратегия.","05.13.00 – информатика, вычислительная техника и управление;
05.18.00 – технология продовольственных продуктов;
05.23.00 – строительство и архитектура;
08.00.00 – экономические науки;
12.00.00 – юридические науки.",2015-12-01
"Цифровая обработка сигналов","05.11.00 – приборостроение, метрология и информационно- измерительные приборы и системы;
05.12.00 – радиотехника и связь;
05.13.00 – информатика, вычислительная техника и управление;
05.27.00 – электроника.",2015-12-01
"Человек Научно-популярный, иллюстрированный журнал Президиума Российской академии наук","24.00.00 – культурология;
09.00.00 – философские науки;
22.00.00 – социологические науки.",2015-12-01
"Человек. Сообщество. Управление","19.00.00 – психологические науки;
22.00.00 – социологические науки;
23.00.00 – политология",2015-12-01
"ЭКО","08.00.00 - экономические науки;
22.00.00 - социологические науки.",2015-12-01
"Экономика и менеджмент систем управления","05.22.00 – транспорт;
05.13.00 – информатика, вычислительная техника и управление;
08.00.00 –экономические науки",2015-12-01
"Экономика и управление","08.00.00 – экономические науки;
05.13.00 – информатика, вычислительная техника и управление.",2015-12-01
"Статистика и экономика
(До 23.11.2016 г. наименование в Перечне Экономика, статистика и информатика. Вестник УМО)","05.13.00 – информатика, вычислительная техника и управление;
08.00.00 – экономические науки;
13.00.00 – педагогические науки.",2015-12-01
"Экономические и гуманитарные исследования регионов","09.00.00 – философские науки;13.00.00 – педагогические науки22.00.00 – социологические науки",2015-12-01
"Экономические и гуманитарные науки","08.00.00 – экономические науки;22.00.00 – социологические науки;09.00.00 – философские науки.",2015-12-01
"Экономические и социальные перемены: факты, тенденции, прогноз","22.00.00 – социологические науки;
08.00.00 – экономические науки.",2015-12-01
"Экономический анализ: теория и практика","01.01.00 Математика
05.13.00 Информатика, вычислительная техника и управление
08.00.00 Экономические науки",2015-12-01
"Электромагнитные волны и электронные системы","01.04.00 – физика;
05.12.00 – радиотехника и связь;
05.13.00 – информатика, вычислительная техника и управление.",2015-12-01
"Электроника и электрооборудование транспорта","05.02.00 – машиностроение и машиноведение;
05.09.00 – электротехника;
05.13.00 – информатика, вычислительная техника и управление;
05.22.00 – транспорт;
05.27.00 – электроника.",2015-12-01
"Электросвязь","05.02.00 – машиностроение и машиноведение;
05.11.00 – приборостроение, метрология и информационно- измерительные приборы и системы;
05.12.00 – радиотехника и связь;
05.13.00 – информатика, вычислительная техника и управление;
05.27.00 – электроника",2015-12-01
"Электротехнические и информационные комплексы и системы","05.09.00 – электротехника;
05.11.00 – приборостроение, метрология и информационно- измерительные приборы и системы;
05.12.00 – радиотехника и связь;
05.13.00 – информатика, вычислительная техника и управление;
05.27.00 – электроника",2015-12-01
"Энергосбережение и водоподготовка","05.04.00 – энергетическое, металлургическое и химическое машиностроение;
05.13.00 – информатика, вычислительная техника и управление;
05.14.00 – энергетика;
05.23.00 – строительство и архитектура;
05.26.00 – безопасность деятельности человека.",2015-12-01
"Оборонный комплекс – научно- техническому прогрессу России – научно-технический журнал","05.02.00 – машиностроение и машиноведение;
05.12.00 – радиотехника и связь;
05.13.00 – информатика, вычислительная техника и управление;
05.17.00 – химическая технология;
05.27.00 – электроника.",2015-12-29
"Антропологический форум","10.01.00 – литературоведение;
10.02.00 – языкознание;
07.00.00 – исторические науки и археология;
22.00.00 – социологические науки.",2015-12-29
"Вестник Адыгейского государственного университета, серия Естественно-математические и технические науки","01.01.00 – математика;
01.04.00 – физика;
03.03.00 – физиология;
05.13.00 – информатика, вычислительная техника и",2015-12-29
"Вестник Адыгейского государственного университета, серия Регионоведение: философия, история, социология, юриспруденция, политология, культурология","24.00.00 – культурология;
07.00.00 – исторические науки и археология;
22.00.00 – социологические науки.",2015-12-29
"Вестник Бурятского государственного университета. Математика, информатика","01.01.00 – математика;
01.02.00 – механика;
05.13.00 – информатика, вычислительная техника и",2015-12-29
"Вестник Воронежского государственного технического университета","01.04.00 – физика;
05.02.00 – машиностроение и машиноведение;
05.12.00 – радиотехника и связь;
05.13.00 – информатика, вычислительная техника и управление;
05.14.00 – энергетика.",2015-12-29
"Вестник Казанского государственного энергетического университета","01.01.00 – математика;
05.13.00 – информатика, вычислительная техника и управление;
05.14.00 – энергетика;
13.00.00 – педагогические науки.",2015-12-29
"Сибирский философский журнал
(До 05.04.2017 г. наименование в Перечне Вестник Новосибирского государственного университета.
Серия: Философия)","09.00.00 – философские науки;22.00.00 – социологические науки.",2015-12-29
"Вестник РГГУ. Серия
Документоведение и архивоведение. Информатика. Защита информации и информационная безопасность","01.01.00 – математика;
05.13.00 – информатика, вычислительная техника и управление;
05.25.00 – документальная информация.",2015-12-29
"Вестник РГГУ. Серия Философия. Социология. Искусствоведение","22.00.00 – социологические науки;
09.00.00 – философские науки;
17.00.00 – искусствоведение.",2015-12-29
"Вестник Санкт-Петербургского государственного университета гражданской авиации","05.22.00 – транспорт;
05.07.00 – авиационная и ракетно- космическая техника;
05.13.00 – информатика, вычислительная техника и управление.",2015-12-29
"Вестник транспорта Поволжья","01.01.00 – математика;
01.02.00 – механика;
05.04.00 – энергетическое, металлургическое и химическое машиностроение;
05.13.00 – информатика, вычислительная техника и управление;
05.22.00 – транспорт.",2015-12-29
"Вестник Тюменского государственного университета. Социально-экономические и правовые исследования","08.00.00 – экономические науки;12.00.00 – юридические науки;22.00.00 – социологические науки.",2015-12-29
"Вопросы статистики","08.00.00 – экономические науки;22.00.00 – социологические науки.",2015-12-29
"Доклады Академии наук высшей школы Российской Федерации","01.04.00 – физика;
05.09.00 – электротехника;
05.12.00 – радиотехника и связь;
05.13.00 – информатика, вычислительная техника и управление;
05.27.00 – электроника.",2015-12-29
"Железнодорожный транспорт","05.02.00 – машиностроение и машиноведение;
05.05.00 – транспортное, горное и строительное машиностроение;
05.13.00 – информатика, вычислительная техника и управление;
05.22.00 – транспорт;
08.00.00 – экономические науки.",2015-12-29
"Журнал исследований социальной политики","08.00.00 – экономические науки;23.00.00 – политология;22.00.00 – социологические науки.",2015-12-29
"Защита информации. Инсайд","05.12.00 – радиотехника и связь;
05.13.00 – информатика, вычислительная техника и управление;
05.25.00 – документальная информация;
05.26.00 – безопасность деятельности человека.",2015-12-29
"Известия Петербургского университета путей сообщения / Proceedings of Petersburg Transport University","05.12.00 – радиотехника и связь;
05.13.00 – информатика, вычислительная техника и управление;
05.22.00 – транспорт;
05.23.00 – строительство и архитектура;",2015-12-29
"Известия Транссиба","05.13.00 – информатика, вычислительная техника и управление;
05.14.00 – энергетика;
05.22.00 – транспорт.",2015-12-29
"Инженерная физика","01.04.00 – физика;
05.07.00 – авиационная и ракетно- космическая техника;
05.11.00 – приборостроение, метрология и информационно- измерительные приборы и системы;
05.13.00 – информатика, вычислительная техника и управление;
25.00.00 – науки о Земле.",2015-12-29
"Инновационная деятельность","08.00.00 – экономические науки;22.00.00 – социологические науки.",2015-12-29
"Инфокоммуникационные технологии","01.04.00 – физика;
05.12.00 – радиотехника и связь;
05.13.00 – информатика, вычислительная техника и управление.",2015-12-29
"Информационные технологии в проектировании и производстве","01.01.00 – математика;
05.01.00 – инженерная геометрия и компьютерная графика;
05.11.00 – приборостроение, метрология и информационно- измерительные приборы и системы;
05.13.00 – информатика, вычислительная техника и управление.",2015-12-29
"Информационные технологии и вычислительные системы","01.01.00 – математика;
05.13.00 – информатика, вычислительная техника и управление.",2015-12-29
"Компьютерные инструменты в образовании","05.13.00 – информатика, вычислительная техника и управление;
13.00.00 – педагогические науки.",2015-12-29
"Конфликтология","23.00.00 – политология;
09.00.00 – философские науки;
22.00.00 – социологические науки.",2015-12-29
"Математическое моделирование и численные методы","01.01.00 – математика;
01.02.00 – механика;
05.07.00 – авиационная и ракетно- космическая техника;
05.13.00 – информатика, вычислительная техника и управление.",2015-12-29
"Медицина и высокие технологии","01.02.00 – механика;
05.11.00 – приборостроение, метрология и информационно- измерительные приборы и системы;
05.13.00 – информатика, вычислительная техника и управление;
14.01.00 – клиническая медицина;
14.03.00 – медико-биологические науки.",2015-12-29
"Международное научное издание
Современные фундаментальные и прикладные исследования / International scientific periodical
Modern fundamental and applied researches","05.02.00 – машиностроение и машиноведение;
05.13.00 – информатика, вычислительная техника и управление;
05.26.00 – безопасность деятельности человека;
08.00.00 – экономические науки;
12.00.00 – юридические науки.",2015-12-29
"Местное право","08.00.00 – экономические науки;12.00.00 – юридические науки;22.00.00 – социологические науки.",2015-12-29
"Мир России. Социология. Этнология","08.00.00 – экономические науки;22.00.00 – социологические науки.",2015-12-29
"Модели, системы, сети в экономике, технике, природе и обществе","05.02.00 – машиностроение и машиноведение;
05.09.00 – электротехника;
05.11.00 – приборостроение, метрология и информационно- измерительные приборы и системы;
05.13.00 – информатика, вычислительная техника и управление;
08.00.00 – экономические науки.",2015-12-29
"Моделирование и анализ информационных систем","01.01.00 – математика;
01.02.00 – механика;
05.13.00 – информатика, вычислительная техника и управление.",2015-12-29
"МОРСКИЕ ИНТЕЛЛЕКТУАЛЬНЫЕ ТЕХНОЛОГИИ","05.08.00 – кораблестроение;
05.13.00 – информатика, вычислительная техника и управление.",2015-12-29
"Научное обозрение. Серия 2. Гуманитарные науки","19.00.00 – психологические науки;13.00.00 – педагогические науки;22.00.00 – социологические науки.",2015-12-29
"Ойкумена. Регионоведческие исследования: научно-теоретический журнал","07.00.00 – исторические науки и археология;
23.00.00 – политология;
22.00.00 – социологические науки.",2015-12-29
"Омский научный вестник","05.02.00 – машиностроение и машиноведение;
05.09.00 – электротехника;
05.11.00 – приборостроение, метрология и информационно- измерительные приборы и системы;
05.13.00 – информатика, вычислительная техника и управление;
05.14.00 – энергетика.",2015-12-29
"ПОЛИС. Политические исследования","23.00.00 – политология;
22.00.00 – социологические науки.",2015-12-29
"ПОЛИТИЯ. Журнал политической философии и социологии политики","23.00.00 – политология;
22.00.00 – социологические науки;
09.00.00 – философские науки.",2015-12-29
"Предпринимательство","08.00.00 – экономические науки;22.00.00 – социологические науки.",2015-12-29
"Проблемы теории и практики управления","05.13.00 – информатика, вычислительная техника и управление;
08.00.00 – экономические науки.",2015-12-29
"Проблемы управления/Control Sciences","01.01.00 – математика;
05.13.00 – информатика, вычислительная техника и управление;
08.00.00 – экономические науки.",2015-12-29
"Промышленные АСУ и контроллеры","05.11.00 – приборостроение, метрология и информационно- измерительные приборы и системы;
05.13.00 – информатика, вычислительная техника и управление.",2015-12-29
"Релейная защита и автоматизация","05.04.00  – энергетическое, металлургическое и химическое машиностроение;05.09.00  – электротехника;05.12.00 – радиотехника и связь;05.13.00 – информатика, вычислительная техника и управление;05.14.00 – энергетика.",2015-12-29
"Речной транспорт (ХХI век)","05.08.00 – кораблестроение;
05.09.00 – электротехника;
05.13.00 – информатика, вычислительная техника и управление;",2015-12-29
"Системный администратор","01.01.00 – математика;
05.13.00 – информатика, вычислительная техника и управление.",2015-12-29
"Современная наука и инновации","05.13.00 – информатика, вычислительная техника и управление;
05.18.00 – технология продовольственных продуктов;
05.23.00 – строительство и архитектура;
14.03.00 – медико-биологические науки;
23.00.00 – политология.",2015-12-29
"Современные исследования социальных проблем (электронный журнал)","19.00.00 – психологические науки;13.00.00 – педагогические науки;22.00.00 – социологические науки.",2015-12-29
"Социально-гуманитарные знания","23.00.00 – политология;
09.00.00 – философские науки;
22.00.00 – социологические науки.",2015-12-29
"Социальные и гуманитарные знания","08.00.00 – экономические науки;
10.01.00 – литературоведение;
10.02.00 – языкознание;
22.00.00 – социологические науки.",2015-12-29
"Социология города","05.23.00 – строительство и архитектура;
05.26.00 – безопасность деятельности человека;
22.00.00 – социологические науки;",2015-12-29
"Специальная техника","05.11.00 – приборостроение, метрология и информационно- измерительные приборы и системы;
05.12.00 – радиотехника и связь;
05.13.00 – информатика, вычислительная техника и управление.",2015-12-29
"Строительная механика и расчет сооружений","01.02.00 – механика;
05.13.00 – информатика, вычислительная техника и управление.",2015-12-29
"Технологии сейсморазведки","01.01.00 – математика;
01.04.00 – физика;
05.13.00 – информатика, вычислительная техника и управление;
05.24.00 – геодезия;",2015-12-29
"Технология машиностроения","05.02.00 – машиностроение и машиноведение;
05.04.00 – энергетическое, металлургическое и химическое машиностроение;
05.11.00 – приборостроение, метрология и информационно- измерительные приборы и системы;
05.13.00 – информатика, вычислительная техника и управление;
05.16.00 – металлургия и материаловедение.",2015-12-29
"ТРУДЫ МФТИ - Труды Московского физико-технического института (государственного университета)","01.01.00 – математика;
01.02.00 – механика;
01.04.00 – физика;
03.01.00 – физико-химическая биология;
05.13.00 – информатика, вычислительная техника и управление.",2015-12-29
"Труды НИИР","05.12.00 – радиотехника и связь;05.13.00 – информатика, вычислительная техника и управление.",2015-12-29
"Труды Российского государственного университета нефти и газа имени И.М. Губкина","05.02.00 – машиностроение и машиноведение;
05.13.00 – информатика, вычислительная техника и управление;
05.17.00 – химическая технология;
02.00.00 – химические науки;
25.00.00 – науки о Земле.",2015-12-29
"Управление проектами и программами","05.13.00 – информатика, вычислительная техника и управление;
08.00.00 – экономические науки.",2015-12-29
"Физические основы приборостроения","01.01.00 – математика;
01.04.00 – физика;
05.11.00 – приборостроение, метрология и информационно- измерительные приборы и системы;
05.12.00 – радиотехника и связь;
05.13.00 – информатика, вычислительная техника и управление.",2015-12-29
"Человек. Общество. Инклюзия","09.00.00 – философские науки;22.00.00 – социологические науки.",2015-12-29
,"08.00.00 – экономические науки;22.00.00 – социологические науки;09.00.00 – философские науки.","29.02.2016*"
"Эксплуатация морского транспорта","05.08.00 – кораблестроение;
05.13.00 – информатика, вычислительная техника и управление;
05.22.00 – транспорт.",2015-12-29
"ЭЛЕКТРО. Электротехника, электроэнергетика, электротехническая промышленность","05.09.00 – электротехника;
05.13.00 – информатика, вычислительная техника и управление;
05.14.00 – энергетика.",2015-12-29
"Автоматика, связь, информатика","05.09.00 – электротехника;
05.12.00 – радиотехника и связь;
05.13.00 – информатика, вычислительная техника и управление;
05.22.00 – транспорт;
05.27.00 – электроника.",2016-01-27
"Вопросы безопасности","05.13.00 – информатика, вычислительная техника и управление;
05.26.00 – безопасность деятельности человека;
12.00.00 – юридические науки;
23.00.00 – политология.",2016-01-27
"ВОПРОСЫ ОБОРОННОЙ
ТЕХНИКИ. Научно–технический журнал. Серия 16. Технические средства противодействия терроризму","01.02.00 – механика;
05.02.00 – машиностроение и машиноведение;
05.07.00 – авиационная и ракетно- космическая техника;
05.13.00 – информатика, вычислительная техника и управление;
20.00.00 – военные науки.",2016-01-27
"Вопросы радиоэлектроники, серия Техника телевидения","05.11.00 – приборостроение, метрология и информационно- измерительные приборы и системы;
05.12.00 – радиотехника и связь;
05.13.00 – информатика, вычислительная техника и управление;
05.27.00 – электроника.",2016-01-27
"Гуманитарные, социально- экономические и общественные науки / HUMANITIES, SOCIAL- ECONOMIC AND SOCIAL SCIENCES","08.00.00 – экономические науки;12.00.00 – юридические науки;22.00.00 – социологические науки.",2016-01-27
"Дискурс","09.00.00 – философские науки;
08.00.00 – экономические науки;
22.00.00 – социологические науки.",2016-01-27
"Дистанционное и виртуальное обучение","05.13.00 – информатика, вычислительная техника и управление.",2016-01-27
"Известия Казанского государственного архитектурно- строительного университета","05.13.00 – информатика, вычислительная техника и управление;05.23.00 – строительство и архитектура",2016-01-27
"Интеллектуальные системы. Теория и приложения","01.01.00 – математика;
05.13.00 – информатика, вычислительная техника и управление.",2016-01-27
"Интернет-журнал Науковедение","05.02.00 – машиностроение и машиноведение;
05.05.00 – транспортное, горное и строительное машиностроение;
05.13.00 – информатика, вычислительная техника и управление;
05.23.00 – строительство и архитектура;
08.00.00 – экономические науки.",2016-01-27
"Кибернетика и программирование","01.01.00 – математика;
05.01.00 -  инженерная геометрия и компьютерная графика;
05.13.00 – информатика, вычислительная техника и управление.",2016-01-27
"Мониторинг общественного мнения: экономические и социальные перемены","22.00.00 – социологические науки.",2016-01-27
"Наука и бизнес: пути развития","05.02.00 – машиностроение и машиноведение;
05.13.00 – информатика, вычислительная техника и управление;
05.23.00 - архитектура и строительство;
08.00.00 – экономические науки.",2016-01-27
"Научно-аналитический журнал
Вестник Санкт-Петербургского университета Государственной противопожарной службы МЧС России","05.13.00 – информатика, вычислительная техника и управление;
05.25.00 – документальная информация;
05.26.00 – безопасность деятельности человека;
19.00.00 – психологические науки;
13.00.00 – педагогические науки.",2016-01-27
"Общество и экономика","08.00.00 – экономические науки;23.00.00 – политология;22.00.00 – социологические науки.",2016-01-27
"Прикаспийский журнал: управление и высокие технологии","01.01.00 – математика;
01.04.00 – физика;
05.11.00 – приборостроение, метрология и информационно- измерительные приборы и системы;
05.13.00 – информатика, вычислительная техника и управление;
08.00.00 – экономические науки.",2016-01-27
"Системный анализ и управление в биомедицинских системах","05.11.00 – приборостроение, метрология и информационно- измерительные приборы и системы;
05.13.00 – информатика, вычислительная техника и управление;
14.01.00 – клиническая медицина;
14.02.00 – профилактическая медицина.",2016-01-27
"Социодинамика","23.00.00 – политология;
09.00.00 – философские науки;
22.00.00 – социологические науки.",2016-01-27
"Социологическое обозрение","23.00.00 – политология;
22.00.00 – социологические науки;
09.00.00 – философские науки.",2016-01-27
"Социология: методология, методы, математическое моделирование","01.01.00 – математика;
05.13.00 – информатика, вычислительная техника и управление;
22.00.00 – социологические науки.",2016-01-27
"Теоретическая и прикладная экономика","08.00.00 – экономические науки;23.00.00 – политология;22.00.00 – социологические науки.",2016-01-27
"Урбанистика","05.23.00 – строительство и архитектура;
24.00.00 – культурология;
22.00.00 – социологические науки.",2016-01-27
"Экономическая социология","22.00.00 – социологические науки.",2016-01-27
"АгроЭкоИнфо: Электронный научно-производственный журнал","03.02.00 – общая биология;
05.13.00 – информатика, вычислительная техника и управление;
05.20.00 – процессы и машины агроинженерных систем;
06.01.00 – агрономия;
06.02.00 – ветеринария и зоотехния.",2016-02-02
"Бюллетень транспортной информации","05.05.00 – транспортное, горное и строительное машиностроение;
05.13.00 – информатика, вычислительная техника и управление;
05.22.00 – транспорт;
08.00.00 – экономические науки.",2016-02-02
"Вестник Новосибирского государственного университета. Серия: Информационные технологии","03.01.00 – физико-химическая биология;
05.11.00 – приборостроение, метрология и информационно- измерительные приборы и системы;
05.13.00 – информатика, вычислительная техника и управление;
05.25.00 – документальная информация;
25.00.00 – науки о Земле.",2016-02-02
,"05.11.00 – приборостроение, метрология и информационно- измерительные приборы и системы;
05.13.00 – информатика, вычислительная техника и управление.",
"ПЕРВАЯ МИЛЯ LAST MILE","05.11.00 – приборостроение, метрология и информационно- измерительные приборы и системы;
05.12.00 – радиотехника и связь;
05.13.00 – информатика, вычислительная техника и управление.",2016-02-02
"Сборник трудов Всероссийской научно-технической конференции
Проблемы разработки перспективных микро-
и наноэлектронных систем","05.13.00 – информатика, вычислительная техника и управление;
05.27.00 – электроника.",2016-02-02
"Техника радиосвязи","01.04.00 – физика;
05.11.00 – приборостроение, метрология и информационно- измерительные приборы и системы;
05.12.00 – радиотехника и связь;
05.13.00 – информатика, вычислительная техника и управление;
05.27.00 – электроника.",2016-02-02
"Технологии техносферной безопасности: Интернет-журнал","05.02.00 – машиностроение и машиноведение;
05.11.00 – приборостроение, метрология и информационно- измерительные приборы и системы;
05.13.00 – информатика, вычислительная техника и управление;
05.26.00 – безопасность деятельности человека.",2016-02-02
"Технологии электромагнитной совместимости","05.12.00 – радиотехника и связь;05.13.00 – информатика, вычислительная техника и управление.",2016-02-02
"Труды МАИ","01.02.00 – механика;
05.07.00 – авиационная и ракетно- космическая техника;
05.11.00 – приборостроение, метрология и информационно- измерительные приборы и системы;
05.12.00 – радиотехника и связь;
05.13.00 – информатика, вычислительная техника и управление.",2016-02-02
"Управление большими системами","01.01.00 – математика;
05.13.00 – информатика, вычислительная техника и управление;
08.00.00 – экономические науки.",2016-02-02
"ЭЛЕКТРОНИКА:
Наука, Технология, Бизнес","05.11.00 – приборостроение, метрология и информационно- измерительные приборы и системы;
05.12.00 – радиотехника и связь;
05.13.00 – информатика, вычислительная техника и управление;
05.27.00 – электроника.",2016-02-02
"Электротехнические системы и комплексы","05.09.00 – электротехника;
05.13.00 – информатика, вычислительная техника и управление;
05.14.00 – энергетика.",2016-02-02
"Государственное управление. Электронный вестник (E-journal
Public Administration)","08.00.00 – экономические науки;23.00.00 – политология;22.00.00 – социологические науки.",2016-02-09
"Перспективы науки","05.02.00 – машиностроение и машиноведение;
05.13.00 – информатика, вычислительная техника и управление;
05.23.00 – строительство и архитектура;
08.00.00 – экономические науки;
13.00.00 – педагогические науки.",2016-02-09
"Сервис в России и за рубежом","08.00.00 – экономические науки;22.00.00 – социологические науки.",2016-02-09
"AUDITORIUM","03.01.00 – физико-химическая биология;
03.02.00 – общая биология;
05.13.00 – информатика, вычислительная техника и управление;
05.16.00 – металлургия и материаловедение;
02.00.00 – химические науки.",2016-02-29
"Вопросы защиты информации – научно-практический журнал","01.01.00 – математика;
05.01.00 – инженерная геометрия и компьютерная графика;
05.13.00 – информатика, вычислительная техника и управление;
05.25.00 – документальная информация.",2016-02-29
"Вычислительные методы и программирование: Новые вычислительные технологии (Электронный научный журнал)","01.01.00 – математика;
05.13.00 – информатика, вычислительная техника и управление.",2016-02-29
"Проблемы управления рисками в техносфере","05.13.00 – информатика, вычислительная техника и управление;
05.25.00 – документальная информация;
05.26.00 – безопасность деятельности человека;
19.00.00 – психологические науки;
13.00.00 – педагогические науки.",2016-02-29
"International Journal of Advanced Studies (Международный журнал перспективных исследований)","05.13.00 – информатика, вычислительная техника и управление;
05.22.00 – транспорт;
05.23.00 – строительство и архитектура;
08.00.00 – экономические науки;
13.00.00 – педагогические науки.",2016-02-29
"Известия Тульского государственного университета. Гуманитарные науки","23.00.00 – политология;
22.00.00 – социологические науки;
09.00.00 – философские науки.",2016-02-29
"Авиакосмическое приборостроение","05.07.00 – авиационная и ракетно- космическая техника;
05.11.00 – приборостроение, метрология и информационно- измерительные приборы и системы;
05.13.00 – информатика, вычислительная техника и управление.",2016-03-18
"Вестник Самарского государственного технического университета. Серия Технические науки","05.09.00 – электроника;
05.11.00 – приборостроение, метрология и информационно- измерительные приборы и системы;
05.13.00 – информатика,",2016-03-18
"Инженерный вестник Дона","01.04.00 – физика;
05.11.00 – приборостроение, метрология и информационно- измерительные приборы и системы;
05.12.00 – радиотехника и связь;
05.13.00 – информатика, вычислительная техника и управление;
05.23.00 – строительство и архитектура.",2016-03-18
"International Journal of Open Information Technologies","01.01.00 – математика;
05.12.00 – радиотехника и связь;
05.13.00 – информатика.",2016-03-18
"ИННОВАЦИИ В ЖИЗНЬ
Международный научный журнал","05.13.00 – информатика, вычислительная техника и управление;
05.23.00 – строительство и архитектура;
08.00.00 – экономические науки;
13.00.00 – педагогические науки.",2016-04-19
"ТАДЖИКИСТАН и современный мир","08.00.00 – экономические науки;23.00.00 – политология;22.00.00 – социологические науки.",2016-06-03
"Миссия конфессий","09.00.00 – философские науки;
24.00.00 – культурология;
22.00.00 – социологические науки.",2016-10-18
"Вестник Российской нации","07.00.00 – исторические науки и археология;22.00.00 – социологические науки;23.00.00 – политология",2016-10-18
"Вестник Концерна ВКО
Алмаз - Антей
(До 14.03.2017 г. наименование в Перечне Вестник Концерна ПВО
Алмаз - Антей)","05.02.00 – машиностроение и машиноведение;
05.07.00 – авиационная и ракетно- космическая техника;
05.12.00 – радиотехника и связь;
05.13.00 – информатика, вычислительная техника и",2016-10-18
